87f408f16c896559_jpg.rf.0053343f5d5c39b1d92d71206af1306e.jpg,138, 315, 11.5, 4.5
7c101863318bc78f_jpg.rf.01d3efe7b54589714105d7716c7c7c80.jpg,167, 400, 30, 19.5
33881964fcc550a6_jpg.rf.051ba4d1fbfef711ab4f6e070b8bf7c5.jpg,159, 276, 40, 19
534a82d60827d9bc_jpg.rf.05f9388dffec573c05155eb3817d92a3.jpg,209, 373, 111.5, 47
854dbfc5894bd361_jpg.rf.0648ae4a44840bfd90441c5e2d8ce926.jpg,459, 207, 94, 69
0b356bb53e9dbd19_jpg.rf.099ccaafc078a6b527a48cb4bcb6c104.jpg,7, 32, 88.5, 28.5
0787c891b72419b8_jpg.rf.00cd84e12280e50306ed97c4702d6141.jpg,87, 306, 48.5, 42
60abc2d6ad7ad2e9_jpg.rf.09d3262f738fee43138ba673452cb5d7.jpg,221, 567, 11.5, 10
cddd94d9ba55022a_jpg.rf.0ad21ada7f70b8768aa1282ce1e09108.jpg,117, 302, 25, 16.5
efc523465f940dec_jpg.rf.0d650cded6c3c07233eec8b9fb97d66d.jpg,61, 521, 29.5, 11.5
55f15bc592a3bc43_jpg.rf.0ed0992164a33754ebb62eccec21b1e5.jpg,222, 531, 21, 12
21563dc4404c8667_jpg.rf.0eb0f6ee63fbffef7aaf940509947a99.jpg,496, 516, 12, 10.5
a8b48d1c79848ec4_jpg.rf.0a7da6a164e11a5de7a65215aebdaa0b.jpg,486, 280, 65, 55.5
7d490acc72896c88_jpg.rf.10edce736112d26d6ccb2e6e89ef72fc.jpg,98, 441, 165, 79
8ec25fa1e941134a_jpg.rf.0250519e38b1efef29a63e424bdf05b5.jpg,590, 161, 28, 7.5
7628673cc91ce2a9_jpg.rf.10b63687c09dddf0dda5559e06f890af.jpg,216, 544, 32.5, 20
04e10114d0cd3e73_jpg.rf.12b5d70daae1ac4e15e6652cff1ca767.jpg,216, 518, 67.5, 30.5
6c84dd3e501dd048_jpg.rf.0fea07bdfb253d040bf53f6b72d3d0c3.jpg,357, 512, 51.5, 69
fa3643ce6ec01db6_jpg.rf.142f6f8fb773723bfe3b0043efb28b31.jpg,35, 409, 16.5, 38
0239c2c7dd78c9f7_jpg.rf.053fc65128d40fd7de61b90136e8e798.jpg,167, 349, 473, 186
ef023c9f1b919a2c_jpg.rf.13a54889be76fc4522572e9fb07a4238.jpg,314, 522, 24.5, 12.5
049bfe70a1097e0c_jpg.rf.175dfad73a0d8c4bf23f28de26be7922.jpg,403, 521, 63, 27
21b4866e725ef2c7_jpg.rf.1942704edbb5e90d94e0c9295e4a40b1.jpg,279, 372, 83, 79
e063aa112dddf102_jpg.rf.1718e142b64c6940556e2083bad98408.jpg,154, 385, 45.5, 82.5
5e70053ea47a079c_jpg.rf.0a929a79e5f78325877933b0a4a55978.jpg,605, 332, 34.5, 18.5
323f67655dfc29dc_jpg.rf.15a77a29b600e5ffe9bebb1f37ffad3a.jpg,202, 99, 244, 199.5
74de497b79048c3d_jpg.rf.168b99e285f1ffd23cab3556c9001d2a.jpg,267, 590, 19, 14
00103aa8df33633a_jpg.rf.187c44417577b0f9742536724d31ff3e.jpg,353, 557, 8, 14.5
ea3b563005ea77da_jpg.rf.195cd64a2cfb746a33bb57316e15de70.jpg,531, 470, 23.5, 18.5
2cf5d03427d91c2c_jpg.rf.1a0369225c45b606cae6dbbcfc60103c.jpg,200, 311, 203.5, 187.5
31a3b2b863bb7884_jpg.rf.1bf9d684e3da856eecbc6560f900f717.jpg,81, 409, 18.5, 10
d90850d40a2635c4_jpg.rf.13ca63b2b4c8c8e9d1085d965e2a6342.jpg,218, 404, 16.5, 11
f2c880053039a32c_jpg.rf.1ac4b6b056cd7a78298850d257f43950.jpg,337, 401, 15, 10
6453977637d9e238_jpg.rf.1b0d5fcd3ef6be9f709321f6ebc24b4c.jpg,381, 415, 172.5, 104
b895bbb9dfa62f39_jpg.rf.2046bc14b5bad974d0a5c7326c284c61.jpg,148, 412, 22.5, 9
fef895dbd408cf44_jpg.rf.20a9e1f60522a4afc6b5a7c98a27f711.jpg,86, 416, 69, 78
0145644b6378f2ea_jpg.rf.22cc036b89fd6b8b3a28a61ff0b51c24.jpg,146, 166, 13, 13
ada5628bdd90aa53_jpg.rf.1de14a2bc37c9f7066ed68adf3360065.jpg,308, 202, 19, 9.5
3b3e5235ea33c327_jpg.rf.23f3b1ee4d8775202d04ac348043142d.jpg,553, 188, 50.5, 23
854609241dfb0333_jpg.rf.197e171c122fa55f31eac679fcce90b7.jpg,14, 384, 72.5, 66.5
ee2fe9ac5b387fba_jpg.rf.1a3b61f73436cbaa5c563fdad5a95147.jpg,517, 321, 33, 19.5
f904abfd113ef7cc_jpg.rf.23341b1dd9627269c52af4dd9cc88c9b.jpg,222, 409, 118.5, 77
3cc415e4174fef46_jpg.rf.1f0ff2259b8f86f5fb8400ef8a687153.jpg,313, 403, 136, 36
53d4c16fee3ee377_jpg.rf.06de58d5a8f3515a0384de33f4e18d84.jpg,75, 328, 57, 64.5
3a29044f148a3f95_jpg.rf.287a67e0f17038b4cb907929aa1d5a72.jpg,20, 292, 27.5, 30
a1c558fb86be111a_jpg.rf.2317142878dbc5f410a71420f986008c.jpg,60, 596, 37.5, 16.5
4fe2eddb7c280885_jpg.rf.2b93efa7198c69fb0547a6a2c29cc488.jpg,265, 276, 134, 91.5
6cdc1c9df63a44e7_jpg.rf.28c578c8125fe8529d311f7287c5811e.jpg,575, 472, 20, 8.5
735e3fbca7b2e795_jpg.rf.2c11aa0919f8597c316d767ff97b00d6.jpg,0, 253, 32, 18
44f94b1b322ffcab_jpg.rf.1b49267c50d75b247cf60328622b91fa.jpg,384, 321, 69, 49
7132ca8c96f6612a_jpg.rf.22091055f148cbee3c145a09df010fe4.jpg,137, 520, 16, 9
4030ed485f2efeba_jpg.rf.2bdcb45f63061e446fa5a7def8ef1660.jpg,352, 469, 37, 29.5
4c2990341a491a57_jpg.rf.2db386015d476e81170591d97e40d2b9.jpg,458, 359, 83, 69.5
fb2ee89cfe29396a_jpg.rf.2c59e17e6ba0ab3ea833957b64e29aea.jpg,119, 279, 10.5, 16.5
b754f912c57ae952_jpg.rf.2943a89699a06d8bec7adbbd71ea1275.jpg,569, 430, 43, 40
030aeb1dac498d8f_jpg.rf.2efe29d40b10be75333b1d2ad9024c86.jpg,338, 535, 17, 8
cd058793fb7d7b86_jpg.rf.16da50b11c8634c785056e2955b7f129.jpg,580, 491, 15, 20.5
379b34acaa12842a_jpg.rf.2b6f192da9b78118f283e1929ff2f55a.jpg,50, 601, 28.5, 13
37a515312eca1d5a_jpg.rf.2c46c5409c6bf5a92093980050471d74.jpg,553, 540, 29, 14.5
314a92443055fcb4_jpg.rf.25626317b7a57c4912763db2306fafa5.jpg,234, 565, 26.5, 17
180002270f7781ef_jpg.rf.3042c062605aa83b678975338ffa95e5.jpg,374, 562, 14, 11
ff00d7a7b885f579_jpg.rf.30c8cbe383cdf286567af82d16222788.jpg,449, 568, 14, 9.5
3acb62aa92a7ae01_jpg.rf.33a0fc97e8eb18f525a4bdb973c84d0e.jpg,231, 315, 169.5, 104
c014ae2047637053_jpg.rf.35076149e02ebfa7315c3ca16aae665b.jpg,48, 336, 188.5, 104
9207744236bfc268_jpg.rf.314de06b457681181f454dafe679628c.jpg,298, 453, 132, 51.5
5ddae55d3e172e14_jpg.rf.349d8a6e1e8434a2ac0e7cc3aba9d6dc.jpg,104, 285, 435, 286.5
8e9aa9b08d259c31_jpg.rf.320bc96f86381d3ab551cc586469fabc.jpg,363, 551, 14, 8
b38a925012cca249_jpg.rf.2a7076fdd0eb75a5ab8ad63411f65d4e.jpg,565, 572, 16, 11
0a699c9b1dafc8e0_jpg.rf.37709fd1ea679e8be367883743d60f94.jpg,415, 424, 38, 32.5
bebb717817c33c2f_jpg.rf.3c6db2ef0f354b5f8e0b39c7892fd2f6.jpg,12, 326, 31, 20.5
d1f92baf2506b64f_jpg.rf.3652715389b72fef5a5c46e5c99954e7.jpg,518, 411, 30, 37.5
c6c1c5465293b863_jpg.rf.3a2753d91cdd356c683abe9387d491af.jpg,89, 525, 32, 26.5
eaddc45dbd975c95_jpg.rf.2c7366afe22ef707e45840f9199bdff4.jpg,306, 553, 75, 62
61ec99245f55ff65_jpg.rf.3cd9f088a46fbdc11aeb98024dc5d7ce.jpg,243, 214, 185, 141.5
c73ab03af4cd6fd1_jpg.rf.3cbb9a330882cbff424caa45d1fa46e2.jpg,263, 344, 91, 65
7cca9324c6744632_jpg.rf.3f42e7f23936c03cfdf353e4439b2021.jpg,129, 217, 321, 183
3e72eaaf070e9f6c_jpg.rf.0dc5d3caf41cc9848adddf458f0abcc7.jpg,86, 347, 20.5, 13
95a595042c230f2b_jpg.rf.40ffb39bc23a68e9881d5a277805d2d6.jpg,184, 332, 13, 5
6d9d7f552c82f04d_jpg.rf.440372264d026f292b18d08550721a72.jpg,274, 374, 21, 18.5
3483b956b20b0b5f_jpg.rf.4459c1a391c93921a4ec732fbaf5a763.jpg,190, 382, 52, 15.5
d9dce54ddd79dbe0_jpg.rf.3dff3aa1e5bb265a6edc0445d00a7ffa.jpg,454, 391, 40.5, 31
ed280fb0df244093_jpg.rf.33fa8f66c88312589ceaaa70992caaf0.jpg,189, 561, 69.5, 54
de526fe5c2a53226_jpg.rf.42e1e9f91bf574566933f75db030404b.jpg,87, 390, 67, 55.5
a813d653194be539_jpg.rf.35d7a7c24ceb1c7a7e158d2b3c11c958.jpg,311, 267, 86, 49
061c45e63f462e82_jpg.rf.4524c11445f137f62353d7cea712f956.jpg,133, 489, 16.5, 23
38b4b002a1395bab_jpg.rf.3e98f939a3962ee3ea1adc99e62ff5bc.jpg,0, 367, 40, 24
7279c7d8ed89d2fa_jpg.rf.49539c520d3079babcef1c4d4a53e501.jpg,168, 378, 54, 26.5
a8c9612ebf6a8029_jpg.rf.4a93fdb27dccd046107fa0b219aa5fbb.jpg,246, 293, 19.5, 7
ce586bf3b6024f7b_jpg.rf.4a76137cff6f9c3c0aa7ccb4e205cd32.jpg,309, 291, 11.5, 3
ede9ac1245346aea_jpg.rf.4b1910ed69930a77309d90be84f9d57b.jpg,633, 375, 7, 18
d2b0e8dc325f78c2_jpg.rf.4c665f4417ec9a3a7b6fee1f5b2506a3.jpg,362, 405, 25, 14.5
d21275808dd4e186_jpg.rf.4d9429e1845caaaa9413eba44c6c6c61.jpg,14, 398, 45, 24
8f5ba9e4fb9056e7_jpg.rf.520a3a1da2d18494157fb21a029774f6.jpg,159, 320, 17, 11.5
d79978f64071532e_jpg.rf.4ce0b55a917334220946f453ea1f8ac0.jpg,237, 343, 28, 23.5
474837f0ac1c804e_jpg.rf.4d956570987c9e6a941c61d3ba951a5f.jpg,559, 457, 80, 47.5
b4bd75496b4880d8_jpg.rf.3d163ce3c05b3f22a6ab5eecbc9d9b91.jpg,158, 280, 59, 61
f283e1d6b8fc9a21_jpg.rf.48dfd366f1a0b217fa2e2fc1a3301d1f.jpg,60, 446, 15.5, 18.5
11631469e9dbc6fc_jpg.rf.4e557bf3036aac112db5d684e77f13c0.jpg,202, 427, 13, 13.5
0581358d6311a60b_jpg.rf.5095ea0c7af1d4a2c419dc8d9c9319d3.jpg,337, 454, 15, 11
485332933fc2c62a_jpg.rf.4535a9a0c19df46012d6ec73a28175c5.jpg,228, 283, 142.5, 30
45613564c2e629fc_jpg.rf.4eeeb0ba2241eda0a31c9d85a5f57b45.jpg,107, 399, 72.5, 17.5
6bc7075c28e7e8e5_jpg.rf.4ade19d0d61776acd79555ae5d9cdc87.jpg,147, 621, 45.5, 18.5
5b9d766d16c87a44_jpg.rf.48557b28804a9602c724931b63eb95f3.jpg,105, 557, 40, 21.5
172bca718b36a602_jpg.rf.454f310c8804959479e508e1956b3cab.jpg,336, 532, 10, 7.5
e2a28deefc6de6e5_jpg.rf.54430c4622ea36026d5e00983e2ec9bc.jpg,422, 541, 9, 9
0b844bd4dae5e9c8_jpg.rf.535b0fefc9aba4d3acc691d4d5274961.jpg,485, 538, 15, 14.5
05b3fe9aec593f3d_jpg.rf.5bbb24116049931d2125601fd86806c9.jpg,548, 547, 13, 8.5
d54ee667fbdce046_jpg.rf.4ec205934181a258cf45d66577068aa8.jpg,616, 530, 14, 14.5
72ee94d81f100527_jpg.rf.5837c0e81dccff8736270657e1c7f523.jpg,536, 285, 47.5, 57
6fc11e3d9632603e_jpg.rf.57a50d9822186463b7c2dc6a27ed124e.jpg,35, 330, 188.5, 104
5b078108d9ad3762_jpg.rf.57c36f1b48c379a6d00bb660c1bd8882.jpg,581, 131, 48, 30
bbd96e7552f1d770_jpg.rf.528db4f19dfce4788751123dddb991e2.jpg,220, 531, 11.5, 12.5
beb0a01a525901f5_jpg.rf.530765af808c3ccefcffc47bda2a3208.jpg,216, 438, 180, 50.5
26080cce13bced1d_jpg.rf.559829dfcb23c7066a5f16784aa6139e.jpg,239, 487, 148, 81
7ff824eb2b6e5336_jpg.rf.59d1e1c3825160d1fed49c86131e296a.jpg,141, 228, 140, 106.5
2530a95b2f2597f8_jpg.rf.420d5e8e37bd8e02c07f222655bf5c33.jpg,277, 465, 33.5, 24.5
fa3341da3df30ac5_jpg.rf.5c39cc8d21eb777bf9729d720222d164.jpg,2, 207, 511, 225
9b194317c54778ee_jpg.rf.5892f66b25797f44e85dd61ba8c1d9fa.jpg,219, 544, 113.5, 46
0d555cb602566957_jpg.rf.38ca3c298136b0f19ee1d7a2ca64a260.jpg,512, 388, 116.5, 104.5
33626220bef71581_jpg.rf.5fef48fa2cc6979e54e97312242a04f7.jpg,139, 164, 418, 325.5
8b12d03ad291c83c_jpg.rf.5d2d9e6ef6d3f363fbf7dd53f9dda998.jpg,195, 246, 284.5, 259
72be309d13ab552e_jpg.rf.5fc162e99e98e1b334646cca945508b8.jpg,271, 238, 142.5, 122.5
95653f1de250b2aa_jpg.rf.607ac6bc5ab8d75b7eb810fd9545400b.jpg,177, 499, 144, 26.5
ad4550aedf4951d0_jpg.rf.5f2da4861c986b418eb19feb27a4ea8c.jpg,224, 194, 133, 27
b863e0e27f1d2a46_jpg.rf.5fe49e0ec328541fc35a1e94bc18d337.jpg,215, 600, 25.5, 23.5
60c3daa31e1c7cf4_jpg.rf.60528a6fd3d6fc73ecfb59d0ddf0e031.jpg,159, 315, 304, 201.5
8c01a344e155fdc6_jpg.rf.5c5fd200ff56ad93a851a91b8b4ae708.jpg,40, 170, 533.5, 342
012ee3701bb7582c_jpg.rf.6c01f025388a7774bfc9589af52ae4bc.jpg,28, 251, 50.5, 9.5
48ec4b60f4c9cfa5_jpg.rf.61c87dae00cb74815906197d63796a35.jpg,286, 557, 112.5, 60
b096be80e31d48b0_jpg.rf.63696e8940ad3ac9530691aa2c9504d1.jpg,165, 274, 308, 203.5
65406a744bcc778e_jpg.rf.68a4c58778e4941959a20178b589fdf5.jpg,94, 281, 114, 88.5
270fafe73e56b643_jpg.rf.63527b267694517aa90a485b2adc0931.jpg,391, 478, 51, 45
0b5915e22c5d5698_jpg.rf.69560d3e2ea0035dfdcbff93ecf8db21.jpg,517, 407, 19, 12.5
e976a53033fd0b59_jpg.rf.673ed202f0de990a7ec2a88280b3d948.jpg,78, 333, 17, 11
5a6227f998d47672_jpg.rf.68cdfc6cbd85d438c716b57c7c2957e5.jpg,413, 329, 17, 16
2979cc792ab7e295_jpg.rf.6a379f015730c04405d08ffb79779712.jpg,64, 199, 528.5, 356.5
00268794e47eba14_jpg.rf.69e9b5681f836676868e786d3e169a75.jpg,27, 324, 14, 26.5
81ff7b05673d9d85_jpg.rf.6f878bde0b0ee810ffaa288988afb495.jpg,75, 366, 39, 40
ab1e53e3fd44b6b4_jpg.rf.6c89b2908a075e98cf6a6176fefc04d9.jpg,369, 185, 12.5, 7.5
7cbce31c4d6377e6_jpg.rf.58add8d004324ad44c79677e20a19a79.jpg,528, 218, 21, 7.5
b59a17afc35799f5_jpg.rf.6d2e8f26781174a5ff9969bf6aa2ef6b.jpg,383, 516, 72.5, 18.5
82b9679c3d214108_jpg.rf.733cd73372bddcac1dd6e8640aa95731.jpg,41, 373, 38.5, 45.5
9e3c0e6f8bf6cc8b_jpg.rf.6e5a99a8ffada67bed8295cdec0bafa9.jpg,253, 349, 110, 30.5
3b62c9e133159a24_jpg.rf.6d520766783aeb619a750e19d5532264.jpg,67, 243, 119.5, 107.5
d3419c7c9b6f56c2_jpg.rf.74c8e4dab980d90fdf3b819da750d8c6.jpg,256, 574, 11.5, 14
0c895b1d00fc072c_jpg.rf.724e4089f4a9a28006eda2413ce63093.jpg,0, 478, 21, 33
cd1be0100ed63f5e_jpg.rf.7a4ec0c54ffdab5963302af59a891455.jpg,0, 81, 488, 481.5
b6e15fbf141cb2aa_jpg.rf.73a87620fcd5c713c95c7187d7378ca6.jpg,121, 483, 20, 54.5
30dd6d1aea6a907f_jpg.rf.77bcb98ff06c00d898ff25f5d8505a40.jpg,286, 44, 107.5, 106
64080232d99cb909_jpg.rf.77314b97cc5da1498b825b3152c8efa0.jpg,143, 263, 21, 29.5
07e94d25a2553d90_jpg.rf.717f5ee382250f8c463b6691a1b3ece4.jpg,307, 395, 44.5, 22
ffad3daadd475dee_jpg.rf.7271b7b0faa4dfc9a1823fcaac4c5169.jpg,263, 429, 122.5, 57.5
00ca4b949dd426f8_jpg.rf.7aec32e0e364f5c20589d98db08d051f.jpg,78, 484, 17, 14.5
7ed705d904b196d6_jpg.rf.6e241a19b297c02d1da515e3d6a7e78e.jpg,317, 556, 21, 14.5
b0ce4ad821c22078_jpg.rf.6c827e8208a647294210b8171899d38c.jpg,569, 535, 11.5, 5.5
0116dcb302273101_jpg.rf.7c13ff75b050e4128d7e3882f022d0ff.jpg,176, 373, 13.5, 11.5
cce225b365bd1dc7_jpg.rf.7cf881ccc5a04df3f4eb202968a5449a.jpg,461, 377, 57, 35.5
1ed0b1ffd2758651_jpg.rf.80a8a7f42a94095256106c9796f458e8.jpg,280, 460, 72.5, 18.5
9c21a44f825412cd_jpg.rf.81023b4a1b51e9d00614f60a7cf48001.jpg,387, 457, 136.5, 73.5
7447acc984bbde0f_jpg.rf.760b82d7788f8d2aa2c0b020f9b54090.jpg,531, 46, 27, 17.5
90e2a8c82d013e69_jpg.rf.7e2958a091db81046ebff4b5a51ed2d8.jpg,516, 329, 33, 45.5
871ed62e5d1bc49b_jpg.rf.79c4220492eccc83a1f2bda0771fdd98.jpg,553, 414, 9, 9.5
25c98cac9411dcba_jpg.rf.82592b5371cd5f37aeb07cb311504e1c.jpg,242, 465, 48.5, 37
a535ad108508872f_jpg.rf.8269420d011263a78286213245ae9fa2.jpg,0, 176, 137, 88.5
e2a4808074970f49_jpg.rf.8284342017b11abae21fe05647ea680e.jpg,288, 530, 43.5, 38.5
63e253944a3f9358_jpg.rf.7bef6a8ab3c44c08304d4a09ea40bc52.jpg,31, 212, 23.5, 11
82f4260758844966_jpg.rf.8444170f1d4646ebc7d40d6f05d3d8a2.jpg,71, 594, 11.5, 15.5
c030e2e66a4064d0_jpg.rf.7ff0bb76d66f6edf9bc61299e7b00bf7.jpg,261, 315, 18, 18.5
46271518b20bc971_jpg.rf.863e830ba9555da0d203a67cdeedff03.jpg,271, 473, 95, 29.5
ee6c83d1ccd0200a_jpg.rf.85c2cd2e1e22010a70652110c7c4d08c.jpg,220, 470, 63, 22
76542c19fc06b364_jpg.rf.87209692e664e60c929cde3b383daa68.jpg,282, 452, 94, 33
ac23d20e186830d0_jpg.rf.6c8fd5bfbdf93493146710c52966c8f4.jpg,609, 175, 30.5, 18
8099565c555d14b0_jpg.rf.862ffc0ebc0e6e9ef74b25c3f198508f.jpg,31, 366, 29, 13.5
6a2946642663f8d2_jpg.rf.582c67d8ad4ba4c3565daae9c888760b.jpg,179, 323, 29, 13.5
0553b3a1658d779e_jpg.rf.89cb519e9fdff2a9cfac216a0e239ef1.jpg,430, 365, 36.5, 53.5
0ad303897c23672e_jpg.rf.8affc31cb8331df0916e2922c76ace6b.jpg,375, 523, 91, 24
641ec3b9c803931f_jpg.rf.8c76d98bc60b72c194d8c8708e469cbe.jpg,339, 302, 52.5, 37.5
250a9db1e94c4c80_jpg.rf.86aae4a867571fd5f7ebecfae6b0866c.jpg,241, 469, 179, 45
fcdc940ae262f4f7_jpg.rf.8bf55fa95a861b1bce462493df37c67a.jpg,0, 116, 638, 360
6fbc3374ec02500b_jpg.rf.90eee5b08956c4cf0c4c41cbdd383348.jpg,348, 456, 52.5, 15
4cad4d510b1221b3_jpg.rf.9121bd3fdefc3f5b145253ca6da37dbf.jpg,573, 573, 67, 48
00234c09cb4fa8e3_jpg.rf.907e51bc21d64ed99d392cbb6316f0f2.jpg,131, 194, 23, 11
24c687c3862e5472_jpg.rf.8a5baaaeda8d7cf912c52da751f585a9.jpg,62, 399, 25.5, 9
29ca6d8fdd58d2bc_jpg.rf.8ae736674c74e58e2567a5450d6bf686.jpg,580, 384, 22.5, 10
f703239ef423451a_jpg.rf.90a26a7fea0c7f4ed8d5b340bd1627aa.jpg,189, 380, 18.5, 17.5
d9c5622e85d26b40_jpg.rf.89d95744e679fba0bfcc6156ccdb5f8b.jpg,365, 608, 57, 28
0bf6924e28109d79_jpg.rf.913eb3d784e2510254eb45668cdf10e4.jpg,146, 246, 44, 20
742142878b1c1de6_jpg.rf.90c2ae834b525678004d289374a55b7c.jpg,204, 406, 64.5, 26.5
bfa5c2db9e560ef3_jpg.rf.94477096432194ab6946f9352dee4cde.jpg,426, 199, 32, 12
2c5bd0bdf15c84f0_jpg.rf.922f6bbe52ce834556fd318fa5497f79.jpg,581, 178, 25, 7
dacd245d07e001b8_jpg.rf.8353e6ca9c37d93aefd263085a340a33.jpg,193, 532, 19, 9
1901a3a525f8bdb6_jpg.rf.9347854b53d14e3807bd2db683dc9439.jpg,411, 400, 14, 9
b1c8ffc77fe44f9a_jpg.rf.951f2b00e141e31e6b26fde56dc1cc68.jpg,59, 431, 14, 13
e13294aa0750c476_jpg.rf.9486dfe267b2841272b42602286e4c33.jpg,193, 493, 51, 16
ecc37887e8032c0a_jpg.rf.77ca2e6b59cde4ecbeb79d435dda26f6.jpg,487, 510, 29, 14.5
bb3c3287e149be8d_jpg.rf.91465b02e87eb5c6344f2283603f97d9.jpg,42, 412, 43.5, 22.5
4ea4422f9d529ae8_jpg.rf.921102041545db776637128276b1a768.jpg,310, 387, 22.5, 10
974049c31394bc1f_jpg.rf.7ba6810201edda3bd277d22d7208258d.jpg,542, 542, 29.5, 8.5
88c807407f8428ce_jpg.rf.443cec241e435d3a87b1ca007c2b1f8b.jpg,441, 315, 31, 10
6085738ac0c207bf_jpg.rf.942315d95c9a6c556d5e90e629f07af8.jpg,53, 116, 526.5, 351
0083e919337aebb0_jpg.rf.95ba755517ed6971769d67c3469c57b4.jpg,246, 529, 166.5, 26
87d60a5376ca1dad_jpg.rf.99ac22c47cc3cd9b9baad509463d5d11.jpg,553, 374, 19, 44.5
4a17d97c1b46b0de_jpg.rf.9cc52d1e8a21bb0421ef10bf57ea8899.jpg,29, 143, 593, 272
76d9a3ecb26a5706_jpg.rf.981633372d1b2b2d400dcf8aa5872190.jpg,222, 215, 231, 266.5
a3ad08dfef7cdf10_jpg.rf.9ae1ce75f7644402fa6182ca9e66f247.jpg,87, 243, 25.5, 10.5
02975d406974e3ec_jpg.rf.9c46448134f2c8e5b569b8464a2a6c9a.jpg,245, 474, 39, 35
9d620802300667d5_jpg.rf.9f130eb297c6e835bd8d954748215077.jpg,574, 131, 18, 5.5
88aea056d5d00212_jpg.rf.a1d2ee36a7cf6cd2e88d7b633ecad3e3.jpg,102, 491, 50.5, 28.5
0021af0b921af690_jpg.rf.a68ee9b658b6f32a20e121de21af1c80.jpg,409, 504, 38, 23
15604071d60c0968_jpg.rf.9fe1fc2ea0d0528ab9f1c5ce5c923363.jpg,192, 539, 70, 31
c96fcdb3468986bd_jpg.rf.a95bd405c763cdd19a2163276ef42d57.jpg,205, 440, 139, 71.5
11b5300b22df0f26_jpg.rf.a2563d36a6a53621e70a686135825428.jpg,262, 475, 49, 27
d784467ea724a280_jpg.rf.a6f6710ac26127372ad9c5a2baa81c46.jpg,104, 327, 97, 54.5
0029cb5bf907f89e_jpg.rf.9b61648e5e96f4b87acf14d6f2987263.jpg,527, 146, 60, 26.5
15f5180d2fb2ccf6_jpg.rf.a980c81616e8815f4e198b66396cd0a3.jpg,127, 453, 14, 9
3b48ee7c6730b110_jpg.rf.a276fbec4390c5130c64eca40bad5c0b.jpg,297, 467, 11.5, 9.5
4a20c4d3dc4154c9_jpg.rf.a9807277e07d64ec7e4e6c7bf0c010ef.jpg,444, 466, 12.5, 11.5
a141b959e383b765_jpg.rf.abefe10fc18db37da2a68f7015c2acf2.jpg,51, 463, 10, 17.5
287d264a10af4adc_jpg.rf.a4d9432e036fc78c7fbe8c6a72d087e9.jpg,268, 410, 5.5, 7
4da99afca5a173cc_jpg.rf.aa669c50c7c1a50a8dc9a67bcd21e9ac.jpg,301, 400, 7.5, 6.5
4ffa82c5e90f6c3c_jpg.rf.aa097c5978e54d7091d5cbb2731e1f5a.jpg,383, 443, 15, 14.5
f51b686b4c935dbc_jpg.rf.ad286a17196af1ef4787aab5a3e0812c.jpg,164, 399, 30, 21.5
c12514d834fa2fc0_jpg.rf.adb6d31036e2a5f289aa8d3496ca335c.jpg,191, 200, 286, 261.5
4f7db17bab6b4403_jpg.rf.b5f12ca4987a57b0cddd98d066480524.jpg,402, 594, 66.5, 46
0f1265f984e66def_jpg.rf.b2e5799cec2f87cef0225743112cd25a.jpg,260, 382, 116, 49
afd87c1a3faad2a8_jpg.rf.b6271c14d8d1aba604f1a5df482f3eb2.jpg,597, 382, 26.5, 8
2989adf46f70b4e9_jpg.rf.b9b22a1e56bf168632b55b1022026864.jpg,75, 484, 17, 13.5
72720222cb5899b3_jpg.rf.aee0ed91a91d0c740be12180b2622656.jpg,213, 512, 29, 12.5
e79b7d4a0bb11115_jpg.rf.b9d41e7dc696ee908881b14e77906844.jpg,529, 458, 93.5, 39
60e7e7596c110b1d_jpg.rf.b1703532d650a5d736edddbc5193544e.jpg,234, 305, 176.5, 94
438927bd4c9d962a_jpg.rf.ae573443e7a72ab87cc1e77a23c64b7f.jpg,404, 450, 93, 46.5
2b5d152ec2f3d08a_jpg.rf.bb87e307aa5eeeb64f8d7e8881928f5e.jpg,12, 250, 17, 14.5
89b0da1fa3d0f9cf_jpg.rf.ad61c45754dcd8d47524d3820a08fa31.jpg,117, 264, 20, 10.5
f6f3b5163a85f558_jpg.rf.b72365434a7efb93e357e615a062572d.jpg,255, 278, 26.5, 13.5
ebb5d247f6440873_jpg.rf.b73d91bce8841b7ffb2496ba8704929c.jpg,465, 317, 40, 15.5
4d04ac9849468efc_jpg.rf.a9a836957cdb04c95d945a51e5e3d073.jpg,610, 423, 13.5, 6
46bd46306ba4f22e_jpg.rf.9f73cff4a7c5fb5649f552c665ca9a1c.jpg,584, 451, 36, 13.5
f55904f934ddc396_jpg.rf.af7f0872a8e7279543f6cac7e180c8a1.jpg,203, 370, 62.5, 33
41ce67021d8dc21b_jpg.rf.b2625a5c4099c94b28e6e8ee3639fc2d.jpg,134, 535, 12, 11
1ca1ec5b25d6e224_jpg.rf.b549937e1d90959ec7e7a553490ad7ce.jpg,105, 350, 65, 48
95bf6406c152cf40_jpg.rf.b2cc82b0c82e34de49fd3a58a1f8fd4c.jpg,32, 272, 15, 6.5
03a5d50547d613c7_jpg.rf.be610020a6f6e5fd958e372a546041c2.jpg,63, 300, 29, 9
59aa9c9f16042f94_jpg.rf.b63c0f389b6c637a96b023b06129c990.jpg,517, 344, 31.5, 12.5
ed9d95dd44228c47_jpg.rf.c01b5b907f55ee9e2101281e1b54536b.jpg,68, 534, 48, 23.5
124d322b93410f81_jpg.rf.c0fd556fad2824a3cec649f55e012299.jpg,573, 512, 40, 23.5
c56105dcee35d9fa_jpg.rf.c19e7340f977d28caea2b4630f2f2da0.jpg,95, 359, 121, 104.5
01b5c6bc9d18b4e7_jpg.rf.c2449183c27b80006b5f7a0ee5bc5679.jpg,525, 188, 54.5, 22
024604312c78c4f4_jpg.rf.c0a57c4bafdc9ff55c46a32f1d01cdbb.jpg,448, 433, 26, 13
d1cd660866ccea8b_jpg.rf.beea89ef3391d55b6fa14e29b7801bc3.jpg,26, 423, 11, 12.5
fcadfb3449741510_jpg.rf.a1abe7d7d08494b32be7e79a509c521a.jpg,155, 428, 11.5, 10.5
fd1488b9a895cdce_jpg.rf.c450f62df732eb8af3b40e28aae4f830.jpg,258, 462, 27, 19
dbe60c6c2ca0f2fe_jpg.rf.bd78c4493184b22213baefc00580b856.jpg,411, 466, 17, 9.5
bd0dcaefe65fbb22_jpg.rf.b8e14d24114125f8aa1e01c33574394e.jpg,510, 474, 24, 15.5
c7c47b1790688919_jpg.rf.c28f409e079cbe1f92f4ddafbfec231e.jpg,424, 343, 31, 10
ba77be18a1c1e228_jpg.rf.c6fa8d701e8eaeffe2d1708fb3b71405.jpg,76, 603, 65, 36.5
8dd1b558d809a4fe_jpg.rf.c6b36057b44fb41f18a774f45d9ddcb7.jpg,339, 487, 35, 35.5
ac71566120d02918_jpg.rf.c2d710339e13e612d8012cf3851d6ed1.jpg,509, 393, 17, 16.5
2bf6dc6afce09185_jpg.rf.c935a39e8369d0d2c40ed7bd5ef47417.jpg,281, 351, 75, 48
aef7cb369ebd00d1_jpg.rf.c687c6bebc1ace6f384960ad4e023dd8.jpg,86, 306, 69, 41.5
3eb002372e0db95b_jpg.rf.c4d41443c717cb7a96c507cc702d7c72.jpg,236, 472, 47.5, 41
d746060bb558a622_jpg.rf.cddd25f9233ad60aaea9f814d4b9b371.jpg,595, 478, 25, 21
32f2325e55c22944_jpg.rf.d0ada941237fe4ab115f74f97526c9a9.jpg,58, 442, 54, 64
4c2dc90c322d2304_jpg.rf.cf6a1c2d9e82d237d48704d0d9e82a36.jpg,62, 148, 527, 397
37b9ef6e7fcd6515_jpg.rf.c887be7d5f79f195940d09da298dc12d.jpg,12, 308, 27, 21.5
712eaae4732815e3_jpg.rf.d0c784c4dac041263ea33e8eaf4cb7b0.jpg,21, 232, 11, 14
0c4a73563d2f3796_jpg.rf.d26620fee0adae3c372dae72b6b6174e.jpg,205, 231, 12.5, 10
1111c64ac659e01f_jpg.rf.cde1f0217828e61043c8bcc679fcd945.jpg,568, 197, 11.5, 9.5
0257f9e3387efc1a_jpg.rf.d20014d6992e292717dd6e8a5cd22ba0.jpg,1, 514, 29, 13
f3f97cf35311178d_jpg.rf.d3046c14973562cb2a30df562f54d18e.jpg,611, 525, 28.5, 27.5
ceb88cd2360722f3_jpg.rf.d2a656523b8286fee2e57891b5098686.jpg,94, 333, 118, 85.5
3566de02e87bd9e4_jpg.rf.d5ae90311878b27bc71be3ddd367eae9.jpg,42, 539, 142.5, 27.5
5aa88669e06b15fe_jpg.rf.d3be43561eaa13a6929785be08bf969b.jpg,354, 118, 21, 10
03ab129785942796_jpg.rf.cf9e617b2968df26599771c12deda6e2.jpg,549, 177, 20, 9
da2a779bce1faf91_jpg.rf.d659f889506ae4baeafa061d1f0fedf2.jpg,40, 554, 26.5, 17
ef581c44fda2b71b_jpg.rf.cc819c6eec525607b06152b2fc15a2d3.jpg,329, 360, 42, 34
6615a0a3d30a0bc6_jpg.rf.d5712f3da8b74b64859c211c1460cb53.jpg,450, 378, 35, 38
b9bed11a76d6faa0_jpg.rf.d804445e380932f0206923b71c2580a8.jpg,35, 439, 63, 76.5
ea5cd2a59613d586_jpg.rf.d6bef54f8cebbb4a2757914799fb2028.jpg,182, 59, 12.5, 14.5
ec0ff16002894ae3_jpg.rf.d91c9fc295374b84fe792b957dcc5689.jpg,326, 37, 18.5, 15.5
f9271119f288ee88_jpg.rf.d961b560c58e16bdcbffab1251ebdaf2.jpg,395, 34, 18, 10.5
d5e205bad0b73f72_jpg.rf.d4e5a243a696835786596e16691f3d93.jpg,511, 22, 10, 12.5
2cb3b792c400b427_jpg.rf.dc0d166a8288f32e6d09ed5246307704.jpg,1, 415, 40.5, 9.5
c586194bdee0ebce_jpg.rf.de590c3de88884723dc37acb721830d8.jpg,93, 462, 32, 24
0e6a1fb0dac9960b_jpg.rf.cf5e78cb4308966f1f5f5bbb336f695d.jpg,30, 394, 19.5, 14.5
47f2d3efac2c19bd_jpg.rf.da9f2d6d68656e86fba2c611fd910d68.jpg,200, 477, 59, 45.5
a921d3d9260b75a4_jpg.rf.d9032fa1613ea1122291f825c8fab7cd.jpg,497, 392, 21.5, 15.5
2b876a4e9b5d7dac_jpg.rf.d96b897766a4a68bacd123c42966de01.jpg,599, 388, 15, 12.5
025d0abb8f2ef2d6_jpg.rf.d9a051ca9ab781bba656f04763600246.jpg,203, 365, 59.5, 43.5
360c2cc841b63ede_jpg.rf.dc678b390c84e679c5d5b32d68729773.jpg,230, 225, 207, 129
652f01eb601c3b84_jpg.rf.dabf2f4dc2b0f1f97d0a6c68a3897e72.jpg,360, 597, 27, 8.5
39f062bc2651cacb_jpg.rf.e105dea9f310f875d1de21b2a70ff100.jpg,116, 261, 151.5, 58.5
6e74453dda29d1da_jpg.rf.e122eabdecf71e9c4a1bb13583547326.jpg,159, 353, 65, 44.5
203ea701c4571114_jpg.rf.de404a0616daf03b537475324731835e.jpg,599, 172, 41, 21.5
fb4a8621b0e85319_jpg.rf.bbffdf92d2ce6ca78e0f4f1f0caeef90.jpg,7, 381, 14.5, 6.5
6e7dabe9c191cb6d_jpg.rf.da20b862b0ab01318177935de06b02da.jpg,100, 281, 115.5, 50
0c89e35ae1906abf_jpg.rf.e162b599f9e272ff96c997878ae1b298.jpg,431, 509, 84, 62
5eb3a90efc02a476_jpg.rf.e251dc7ef7086443771dc53049417de9.jpg,451, 238, 27, 17
fbdc032f95932619_jpg.rf.e0233ec17d85e9758a686d272651cc6a.jpg,357, 382, 18, 18.5
51d1c20df69e533c_jpg.rf.e2480f0602df96a51469b054081eae55.jpg,461, 455, 60, 38
04bc55abd830f147_jpg.rf.e1bb737315e605fbcf2a004f8ee9561f.jpg,596, 457, 39, 14.5
411fff784693d9ab_jpg.rf.e2322146c51b87a113df42849a4c0ea0.jpg,55, 386, 10.5, 11
bbf8d0ba75ab10e8_jpg.rf.e7116dbd74de96637af6aa575fb1eff0.jpg,246, 481, 15, 15.5
94c9162ef188b18b_jpg.rf.e444b770f54e95a2cb6c4ce38bc5d7fe.jpg,497, 596, 17.5, 9.5
09354acec4e65010_jpg.rf.e48a1270ee22bb9d55f8d769035ca26a.jpg,41, 351, 18, 28
4c13109e38ea1684_jpg.rf.e4eabad31f858cbc508e8f497b413706.jpg,482, 416, 9.5, 29.5
2ea4d8827720c761_jpg.rf.e035a64a55f35d1784225c4eda4fed75.jpg,287, 422, 79, 31
68647ba2349669e0_jpg.rf.e4928bb40a42c8e74812d43885d39cce.jpg,480, 295, 67.5, 57.5
411ee9180d3350a9_jpg.rf.e86cb86e2edf0ec91d9b4352dc4271a0.jpg,283, 362, 82, 27
875fe0de51128f34_jpg.rf.e96179e5b70310b84d26ae7dfacf1401.jpg,539, 524, 16, 13.5
9e4f199c0d8bd4d6_jpg.rf.e438477a87aa640c2980be7f5600fa31.jpg,427, 558, 28, 10.5
26ab53ea8c8a7166_jpg.rf.bf0c927f339407ea568ec5713c353c77.jpg,483, 468, 37, 17
29424b7a1926ec4e_jpg.rf.e9f3c362899cf78c6aa0997cece743f4.jpg,229, 382, 19, 16
4e8272ed6aed0189_jpg.rf.e9aecabff1e335b77b5900388673f5fe.jpg,513, 346, 9.5, 8.5
afde40da32d8d900_jpg.rf.dea4bf9138f339f331d3f46ba3bf4889.jpg,589, 351, 10, 15
66ca8e0091131754_jpg.rf.ea186cc36e898e6565f026e7a7dabadc.jpg,33, 545, 19, 15
d3745e87c9b09410_jpg.rf.ebff220f0deba3a9de52dbfec356b0be.jpg,88, 505, 18.5, 6.5
079ec835d9949050_jpg.rf.ea3deff49d0a10e88725324c311be8a5.jpg,193, 485, 21, 11
55153030866c5d2b_jpg.rf.eb4e87d5a928173ea9bab2330aaa854d.jpg,308, 501, 25, 9
caab7018f3b9f838_jpg.rf.eba58701e74291655453494175bfaff4.jpg,436, 506, 31.5, 9.5
91f82e50859c892a_jpg.rf.e66fd44eb8f14389b83629a6cd6c3915.jpg,596, 488, 41.5, 12.5
4e7b769e98d3bfa7_jpg.rf.eeecb16907d3bf49d3e3ccd6572ca8ec.jpg,195, 236, 59, 17
e6921c15a5e8989a_jpg.rf.e78f31072888040023f064313753f5c0.jpg,401, 431, 156, 41
40a00fa26d162062_jpg.rf.ec9e9a54d954f08288a0945ae5810380.jpg,126, 391, 35.5, 18
9d5e81e3f2411007_jpg.rf.ed4e864644e3d36ea22bf26a3dde4c7b.jpg,423, 328, 22.5, 11
9a42f2a749385da9_jpg.rf.ef0c706686ac5be6d14d6b5d23d1f973.jpg,537, 318, 14.5, 18
a842796996bd5ebb_jpg.rf.c88c8cf2e20517c730b3923b97d91826.jpg,231, 472, 23, 10.5
54f8627794e967d3_jpg.rf.f645d5d497800e75896ae4d1c337589e.jpg,402, 560, 59, 24
3107a74d0103510d_jpg.rf.f0e7aab173574e0cabb1f83ac0d9d683.jpg,610, 497, 24.5, 6.5
4657b3eaa227a4c2_jpg.rf.f415f1c9295e8d8f8e1b81ff7d24e2db.jpg,95, 378, 208.5, 240.5
7ad618b281fc21d0_jpg.rf.f1f28368dce50f6444c50402f09f63ac.jpg,65, 300, 87.5, 108.5
0ee97f20b9ffb0ad_jpg.rf.f6c9e9458d354ba9b8ec79bb8a0843bf.jpg,526, 180, 18.5, 10.5
7cd0741d83b74dd5_jpg.rf.f476e6e4ea8398b9ff0fe1d1fa5d5cd4.jpg,435, 269, 97, 86.5
824efc0875631b2a_jpg.rf.f5f8c5c5f6cdd7971828c8f5707351da.jpg,19, 165, 13, 18
3e7c0e7848599dd1_jpg.rf.f33c7bb83f683de19f27e2b57b19cbfa.jpg,63, 160, 14, 23
6904af7d1461f553_jpg.rf.ee8d3c19a6e42a37497310d2d36e34cb.jpg,300, 297, 13, 16.5
47c357ec52399b99_jpg.rf.f5c86bbd1a7f241a1cd57394775e7b35.jpg,581, 293, 16, 6.5
cb9d94ce9f2ad43d_jpg.rf.efcff47f6a65a03ce5ea8790827141fe.jpg,250, 273, 160, 151.5
039ff4c47d6d5415_jpg.rf.feb2664843a93d5e08d6f1601b7e196f.jpg,137, 297, 125, 96.5
010c02e024d29b05_jpg.rf.f869916bc7e8891d3622acaf05584363.jpg,22, 325, 576, 173.5
7eb26c3f0ec80800_jpg.rf.faf6325ffc4af6ad066976bd5bc8cb20.jpg,137, 552, 34.5, 45.5
9dca3efa0d64899e_jpg.rf.ff51d3dbf87efae25f25ffe0bab230b2.jpg,159, 276, 41, 14.5
c96b403068884a9b_jpg.rf.f797c4ab4fccbf6731f46828a02b140a.jpg,49, 376, 25.5, 47
af9e3d83c74f3457_jpg.rf.fffeb15104797f1b07d332df38cdb70e.jpg,464, 334, 66, 60.5
9446df7478d8940b_jpg.rf.fffe29cb3b598e906593e893204726c6.jpg,229, 280, 7.5, 10
a70be12372c32349_jpg.rf.ff3a213e299673c0c8955b496e18bb4c.jpg,225, 585, 20, 9
812235d28f15ce43_jpg.rf.e1a1f1e42a771e6cbea39ef2767f8ee0.jpg,328, 614, 15.5, 9.5
e933c80e4c4163ac_jpg.rf.f8ba2dfe8d6359ddfea2adbf6178ee56.jpg,48, 95, 404.5, 421
f02faf74a2e3d555_jpg.rf.f8629b7d89315d87f539bf5303b22460.jpg,77, 385, 21.5, 16
8e8493bd53b6fd65_jpg.rf.fcfd923f85fb2ec218d682e4ce17cf59.jpg,246, 439, 42.5, 29
52a161833edc6a02_jpg.rf.f9ad791310661110e95e762c53d2ca47.jpg,157, 290, 99.5, 53
